<?xml version="1.0" encoding="UTF-8"?>
<project-private xmlns="http://www.netbeans.org/ns/project-private/1">
    <editor-bookmarks xmlns="http://www.netbeans.org/ns/editor-bookmarks/2" lastBookmarkId="0"/>
    <open-files xmlns="http://www.netbeans.org/ns/projectui-open-files/2">
        <group>
            <file>file:/C:/xampp/htdocs/Meus%20Projetos/Dentista-DS/Application/src/DAO/atendimentoDAO.java</file>
            <file>file:/C:/xampp/htdocs/Meus%20Projetos/Dentista-DS/Application/src/DAO/funcionarioDAO.java</file>
            <file>file:/C:/xampp/htdocs/Meus%20Projetos/Dentista-DS/Application/src/UI/Gerenciamento.java</file>
            <file>file:/C:/xampp/htdocs/Meus%20Projetos/Dentista-DS/Application/src/DTO/atendimento.java</file>
            <file>file:/C:/xampp/htdocs/Meus%20Projetos/Dentista-DS/Application/src/DTO/dentista.java</file>
            <file>file:/C:/xampp/htdocs/Meus%20Projetos/Dentista-DS/Application/src/DAO/UsuarioDAO.java</file>
            <file>file:/C:/xampp/htdocs/Meus%20Projetos/Dentista-DS/Application/src/DAO/clienteDAO.java</file>
            <file>file:/C:/xampp/htdocs/Meus%20Projetos/Dentista-DS/Application/src/DAO/ConexaoDAO.java</file>
            <file>file:/C:/xampp/htdocs/Meus%20Projetos/Dentista-DS/Application/src/DAO/dentistaDAO.java</file>
        </group>
    </open-files>
</project-private>
